Workbook
Name solver_adj: Sheet1!$R$23:$T$23
Name solver_lhs1: Sheet1!$R$23
Name solver_lhs2: Sheet1!$S$23
Name solver_lhs3: Sheet1!$T$23
Name solver_lhs4: Sheet1!$U$23
Name solver_opt: Sheet1!$R$26

Sheet Sheet1
A1: Start Date | B1: 44562
A2: End Date | B2: 45658
B4: Closing Prices | C4: JPM | D4: MS | E4: GS | G4: Daily Returns | H4: JPM | I4: MS | J4: GS | L4: Risk Summary | M4: JPM | N4: MS | O4: GS | Q4: Equal Weighted Portfolio | R4: JPM | S4: MS | T4: GS | U4: Sum
B5: =IFERROR(__xludf.DUMMYFUNCTION("GOOGLEFINANCE(C4, ""close"", B1, B2)"),"Date") -> Date | C5: =IFERROR(__xludf.DUMMYFUNCTION("""COMPUTED_VALUE"""),"Close") -> Close | D5: Close | E5: Close | G5: Date | H5: Daily Returns | I5: Daily Returns | J5: Daily Returns | L5: Expected Return | M5: =AVERAGE(H7:H758) -> 0.00064765928 | N5: =AVERAGE(I7:I758) -> 0.00045854227 | O5: =AVERAGE(J7:J758) -> 0.00063207183 | Q5: Weights | R5: 0.33333333 | S5: 0.33333333 | T5: 0.33333333 | U5: =SUM(R5:T5) -> 1
B6: =IFERROR(__xludf.DUMMYFUNCTION("""COMPUTED_VALUE"""),44564.6666666666) -> 44564.667 | C6: =IFERROR(__xludf.DUMMYFUNCTION("""COMPUTED_VALUE"""),161.7) -> 161.7 | D6: 100.19 | E6: 395.33 | G6: =B6 -> 44564.667 | L6: Standard Deviation | M6: =_xlfn.STDEV.S(H7:H758) -> 0.015789015 | N6: =_xlfn.STDEV.S(I7:I758) -> 0.017749953 | O6: =_xlfn.STDEV.S(J7:J758) -> 0.016742417 | Q6: Expected Return | R6: =SUMPRODUCT(R5:T5,M5:O5) -> 0.00057942446 | S6: (Daily) | T6: =R6*252 -> 0.14601496 | U6: (Yearly)
B7: =IFERROR(__xludf.DUMMYFUNCTION("""COMPUTED_VALUE"""),44565.6666666666) -> 44565.667 | C7: =IFERROR(__xludf.DUMMYFUNCTION("""COMPUTED_VALUE"""),167.83) -> 167.83 | D7: 104.26 | E7: 407.48 | G7: =B7 -> 44565.667 | H7: =(C7/C6) - 1 -> 0.037909709 | I7: =(D7/D6) - 1 -> 0.040622817 | J7: =(E7/E6) - 1 -> 0.030733817 | L7: Variance | M7: =M6^2 -> 0.000249293 | N7: =N6^2 -> 0.00031506083 | O7: =O6^2 -> 0.00028030853 | Q7: Standard Deviation | R7: {=SQRT(MMULT((R5:T5), MMULT(M12:O14, TRANSPOSE(R5:T5))))} -> 0.015307811 | S7: (Daily) | T7: =R7*SQRT(252) -> 0.24300397 | U7: (Yearly)
B8: =IFERROR(__xludf.DUMMYFUNCTION("""COMPUTED_VALUE"""),44566.6666666666) -> 44566.667 | C8: =IFERROR(__xludf.DUMMYFUNCTION("""COMPUTED_VALUE"""),163.78) -> 163.78 | D8: 101.68 | E8: 398.63 | G8: =B8 -> 44566.667 | H8: =(C8/C7) - 1 -> -0.024131562 | I8: =(D8/D7) - 1 -> -0.024745828 | J8: =(E8/E7) - 1 -> -0.021718857 | L8: Sharpe Ratio | M8: =M5/M6 -> 0.041019612 | N8: =N5/N6 -> 0.025833436 | O8: =O5/O6 -> 0.037752723 | Q8: Sharpe Ratio | R8: =R6/R7 -> 0.037851555 | S8: (Daily) | T8: =T6/T7 -> 0.60087481 | U8: (Yearly)
B9: =IFERROR(__xludf.DUMMYFUNCTION("""COMPUTED_VALUE"""),44567.6666666666) -> 44567.667 | C9: =IFERROR(__xludf.DUMMYFUNCTION("""COMPUTED_VALUE"""),165.52) -> 165.52 | D9: 103.42 | E9: 396.93 | G9: =B9 -> 44567.667 | H9: =(C9/C8) - 1 -> 0.010624008 | I9: =(D9/D8) - 1 -> 0.01711251 | J9: =(E9/E8) - 1 -> -0.0042646063
B10: =IFERROR(__xludf.DUMMYFUNCTION("""COMPUTED_VALUE"""),44568.6666666666) -> 44568.667 | C10: =IFERROR(__xludf.DUMMYFUNCTION("""COMPUTED_VALUE"""),167.16) -> 167.16 | D10: 104.05 | E10: 397.51 | G10: =B10 -> 44568.667 | H10: =(C10/C9) - 1 -> 0.0099081682 | I10: =(D10/D9) - 1 -> 0.0060916651 | J10: =(E10/E9) - 1 -> 0.0014612148 | Q10: Minimum Variance Portfolio | R10: JPM | S10: MS | T10: GS | U10: Sum
B11: =IFERROR(__xludf.DUMMYFUNCTION("""COMPUTED_VALUE"""),44571.6666666666) -> 44571.667 | C11: =IFERROR(__xludf.DUMMYFUNCTION("""COMPUTED_VALUE"""),167.32) -> 167.32 | D11: 104.13 | E11: 399.17 | G11: =B11 -> 44571.667 | H11: =(C11/C10) - 1 -> 0.00095716679 | I11: =(D11/D10) - 1 -> 0.00076886112 | J11: =(E11/E10) - 1 -> 0.0041759956 | L11: Covariance Matrix | M11: JPM | N11: MS | O11: GS | Q11: Weights | R11: 0.56573164 | S11: 0.16151347 | T11: 0.27275589 | U11: =SUM(R11:T11) -> 1.000001
B12: =IFERROR(__xludf.DUMMYFUNCTION("""COMPUTED_VALUE"""),44572.6666666666) -> 44572.667 | C12: =IFERROR(__xludf.DUMMYFUNCTION("""COMPUTED_VALUE"""),167.49) -> 167.49 | D12: 105.92 | E12: 403.05 | G12: =B12 -> 44572.667 | H12: =(C12/C11) - 1 -> 0.0010160172 | I12: =(D12/D11) - 1 -> 0.017190051 | J12: =(E12/E11) - 1 -> 0.0097201694 | L12: JPM | M12: =_xlfn.COVARIANCE.S(H7:H758, H7:H758) -> 0.000249293 | N12: =_xlfn.COVARIANCE.S(H7:H758, I7:I758) -> 0.00019684911 | O12: =_xlfn.COVARIANCE.S(H7:H758, J7:J758) -> 0.00019826231 | Q12: Expected Return | R12: =SUMPRODUCT(R11:T11,M5:O5) -> 0.00061286341 | S12: (Daily) | T12: =R12*252 -> 0.15444158 | U12: (Yearly)
B13: =IFERROR(__xludf.DUMMYFUNCTION("""COMPUTED_VALUE"""),44573.6666666666) -> 44573.667 | C13: =IFERROR(__xludf.DUMMYFUNCTION("""COMPUTED_VALUE"""),168.44) -> 168.44 | D13: 103.05 | E13: 390.31 | G13: =B13 -> 44573.667 | H13: =(C13/C12) - 1 -> 0.0056719804 | I13: =(D13/D12) - 1 -> -0.027095921 | J13: =(E13/E12) - 1 -> -0.031608982 | L13: MS | M13: =_xlfn.COVARIANCE.S(I7:I758, H7:H758) -> 0.00019684911 | N13: =_xlfn.COVARIANCE.S(I7:I758, I7:I758) -> 0.00031506083 | O13: =_xlfn.COVARIANCE.S(I7:I758, J7:J758) -> 0.00023703828 | Q13: Standard Deviation | R13: {=SQRT(MMULT((R11:T11), MMULT(M12:O14, TRANSPOSE(R11:T11))))} -> 0.015063338 | S13: (Daily) | T13: =R13*SQRT(252) -> 0.23912308 | U13: (Yearly)
B14: =IFERROR(__xludf.DUMMYFUNCTION("""COMPUTED_VALUE"""),44574.6666666666) -> 44574.667 | C14: =IFERROR(__xludf.DUMMYFUNCTION("""COMPUTED_VALUE"""),168.23) -> 168.23 | D14: 102.55 | E14: 390.8 | G14: =B14 -> 44574.667 | H14: =(C14/C13) - 1 -> -0.0012467347 | I14: =(D14/D13) - 1 -> -0.0048520136 | J14: =(E14/E13) - 1 -> 0.0012554124 | L14: GS | M14: =_xlfn.COVARIANCE.S(J7:J758, H7:H758) -> 0.00019826231 | N14: =_xlfn.COVARIANCE.S(J7:J758, I7:I758) -> 0.00023703828 | O14: =_xlfn.COVARIANCE.S(J7:J758, J7:J758) -> 0.00028030853 | Q14: Sharpe Ratio | R14: =R12/R13 -> 0.040685763 | S14: (Daily) | T14: =T12/T13 -> 0.64586647 | U14: (Yearly)
B15: =IFERROR(__xludf.DUMMYFUNCTION("""COMPUTED_VALUE"""),44575.6666666666) -> 44575.667 | C15: =IFERROR(__xludf.DUMMYFUNCTION("""COMPUTED_VALUE"""),157.89) -> 157.89 | D15: 98.88 | E15: 380.94 | G15: =B15 -> 44575.667 | H15: =(C15/C14) - 1 -> -0.061463473 | I15: =(D15/D14) - 1 -> -0.035787421 | J15: =(E15/E14) - 1 -> -0.025230297
B16: =IFERROR(__xludf.DUMMYFUNCTION("""COMPUTED_VALUE"""),44579.6666666666) -> 44579.667 | C16: =IFERROR(__xludf.DUMMYFUNCTION("""COMPUTED_VALUE"""),151.27) -> 151.27 | D16: 94.01 | E16: 354.4 | G16: =B16 -> 44579.667 | H16: =(C16/C15) - 1 -> -0.041927925 | I16: =(D16/D15) - 1 -> -0.049251618 | J16: =(E16/E15) - 1 -> -0.069669764 | L16: Correlation Matrix | M16: JPM | N16: MS | O16: GS | Q16: Maximum Returns Portfolio | R16: JPM | S16: MS | T16: GS | U16: Sum
B17: =IFERROR(__xludf.DUMMYFUNCTION("""COMPUTED_VALUE"""),44580.6666666666) -> 44580.667 | C17: =IFERROR(__xludf.DUMMYFUNCTION("""COMPUTED_VALUE"""),148.93) -> 148.93 | D17: 95.73 | E17: 347.32 | G17: =B17 -> 44580.667 | H17: =(C17/C16) - 1 -> -0.015469029 | I17: =(D17/D16) - 1 -> 0.018295926 | J17: =(E17/E16) - 1 -> -0.019977427 | L17: JPM | M17: =CORREL(H7:H758, H7:H758) -> 1 | N17: =CORREL(H7:H758, I7:I758) -> 0.70239466 | O17: =CORREL(H7:H758, J7:J758) -> 0.75000984 | Q17: Weights | R17: 1.000001 | S17: 0 | T17: 0 | U17: =SUM(R17:T17) -> 1.000001
B18: =IFERROR(__xludf.DUMMYFUNCTION("""COMPUTED_VALUE"""),44581.6666666666) -> 44581.667 | C18: =IFERROR(__xludf.DUMMYFUNCTION("""COMPUTED_VALUE"""),147.66) -> 147.66 | D18: 99.83 | E18: 348.1 | G18: =B18 -> 44581.667 | H18: =(C18/C17) - 1 -> -0.0085274961 | I18: =(D18/D17) - 1 -> 0.042828789 | J18: =(E18/E17) - 1 -> 0.0022457676 | L18: MS | M18: =CORREL(I7:I758, H7:H758) -> 0.70239466 | N18: =CORREL(I7:I758, I7:I758) -> 1 | O18: =CORREL(I7:I758, J7:J758) -> 0.79763303 | Q18: Expected Return | R18: =SUMPRODUCT(R17:T17,M5:O5) -> 0.00064765992 | S18: (Daily) | T18: =R18*252 -> 0.1632103 | U18: (Yearly)
B19: =IFERROR(__xludf.DUMMYFUNCTION("""COMPUTED_VALUE"""),44582.6666666666) -> 44582.667 | C19: =IFERROR(__xludf.DUMMYFUNCTION("""COMPUTED_VALUE"""),145.08) -> 145.08 | D19: 98.86 | E19: 343.91 | G19: =B19 -> 44582.667 | H19: =(C19/C18) - 1 -> -0.017472572 | I19: =(D19/D18) - 1 -> -0.0097165181 | J19: =(E19/E18) - 1 -> -0.012036771 | L19: GS | M19: =CORREL(J7:J758, H7:H758) -> 0.75000984 | N19: =CORREL(J7:J758, I7:I758) -> 0.79763303 | O19: =CORREL(J7:J758, J7:J758) -> 1 | Q19: Standard Deviation | R19: {=SQRT(MMULT((R17:T17), MMULT(M12:O14, TRANSPOSE(R17:T17))))} -> 0.015789031 | S19: (Daily) | T19: =R19*SQRT(252) -> 0.2506431 | U19: (Yearly)
B20: =IFERROR(__xludf.DUMMYFUNCTION("""COMPUTED_VALUE"""),44585.6666666666) -> 44585.667 | C20: =IFERROR(__xludf.DUMMYFUNCTION("""COMPUTED_VALUE"""),144.95) -> 144.95 | D20: 98.08 | E20: 343.39 | G20: =B20 -> 44585.667 | H20: =(C20/C19) - 1 -> -0.00089605735 | I20: =(D20/D19) - 1 -> -0.0078899454 | J20: =(E20/E19) - 1 -> -0.0015120235 | Q20: Sharpe Ratio | R20: =R18/R19 -> 0.041019612 | S20: (Daily) | T20: =T18/T19 -> 0.65116615 | U20: (Yearly)
B21: =IFERROR(__xludf.DUMMYFUNCTION("""COMPUTED_VALUE"""),44586.6666666666) -> 44586.667 | C21: =IFERROR(__xludf.DUMMYFUNCTION("""COMPUTED_VALUE"""),146.53) -> 146.53 | D21: 99.04 | E21: 341.55 | G21: =B21 -> 44586.667 | H21: =(C21/C20) - 1 -> 0.01090031 | I21: =(D21/D20) - 1 -> 0.0097879282 | J21: =(E21/E20) - 1 -> -0.0053583389
B22: =IFERROR(__xludf.DUMMYFUNCTION("""COMPUTED_VALUE"""),44587.6666666666) -> 44587.667 | C22: =IFERROR(__xludf.DUMMYFUNCTION("""COMPUTED_VALUE"""),147.92) -> 147.92 | D22: 100.17 | E22: 342.68 | G22: =B22 -> 44587.667 | H22: =(C22/C21) - 1 -> 0.0094861121 | I22: =(D22/D21) - 1 -> 0.011409532 | J22: =(E22/E21) - 1 -> 0.0033084468 | Q22: Maximum Sharpe Portfolio | R22: JPM | S22: MS | T22: GS | U22: Sum
B23: =IFERROR(__xludf.DUMMYFUNCTION("""COMPUTED_VALUE"""),44588.6666666666) -> 44588.667 | C23: =IFERROR(__xludf.DUMMYFUNCTION("""COMPUTED_VALUE"""),145.31) -> 145.31 | D23: 101.15 | E23: 341.03 | G23: =B23 -> 44588.667 | H23: =(C23/C22) - 1 -> -0.017644673 | I23: =(D23/D22) - 1 -> 0.0097833683 | J23: =(E23/E22) - 1 -> -0.0048149877 | Q23: Weights | R23: 0.65846568 | S23: 0 | T23: 0.34153432 | U23: =SUM(R23:T23) -> 1
B24: =IFERROR(__xludf.DUMMYFUNCTION("""COMPUTED_VALUE"""),44589.6666666666) -> 44589.667 | C24: =IFERROR(__xludf.DUMMYFUNCTION("""COMPUTED_VALUE"""),146.61) -> 146.61 | D24: 101.8 | E24: 347.01 | G24: =B24 -> 44589.667 | H24: =(C24/C23) - 1 -> 0.0089463905 | I24: =(D24/D23) - 1 -> 0.0064260999 | J24: =(E24/E23) - 1 -> 0.017535114 | Q24: Expected Return | R24: =SUMPRODUCT(R23:T23,M5:O5) -> 0.00064233563 | S24: (Daily) | T24: =R24*252 -> 0.16186858 | U24: (Yearly)
B25: =IFERROR(__xludf.DUMMYFUNCTION("""COMPUTED_VALUE"""),44592.6666666666) -> 44592.667 | C25: =IFERROR(__xludf.DUMMYFUNCTION("""COMPUTED_VALUE"""),148.6) -> 148.6 | D25: 102.54 | E25: 354.68 | G25: =B25 -> 44592.667 | H25: =(C25/C24) - 1 -> 0.013573426 | I25: =(D25/D24) - 1 -> 0.0072691552 | J25: =(E25/E24) - 1 -> 0.022103109 | Q25: Standard Deviation | R25: {=SQRT(MMULT((R23:T23), MMULT(M12:O14, TRANSPOSE(R23:T23))))} -> 0.015164379 | S25: (Daily) | T25: =R25*SQRT(252) -> 0.24072705 | U25: (Yearly)
B26: =IFERROR(__xludf.DUMMYFUNCTION("""COMPUTED_VALUE"""),44593.6666666666) -> 44593.667 | C26: =IFERROR(__xludf.DUMMYFUNCTION("""COMPUTED_VALUE"""),151.15) -> 151.15 | D26: 103.95 | E26: 364.06 | G26: =B26 -> 44593.667 | H26: =(C26/C25) - 1 -> 0.017160162 | I26: =(D26/D25) - 1 -> 0.013750731 | J26: =(E26/E25) - 1 -> 0.026446374 | Q26: Sharpe Ratio | R26: =R24/R25 -> 0.042358189 | S26: (Daily) | T26: =T24/T25 -> 0.67241541 | U26: (Yearly)
B27: =IFERROR(__xludf.DUMMYFUNCTION("""COMPUTED_VALUE"""),44594.6666666666) -> 44594.667 | C27: =IFERROR(__xludf.DUMMYFUNCTION("""COMPUTED_VALUE"""),149.94) -> 149.94 | D27: 103.92 | E27: 363.06 | G27: =B27 -> 44594.667 | H27: =(C27/C26) - 1 -> -0.0080052928 | I27: =(D27/D26) - 1 -> -0.00028860029 | J27: =(E27/E26) - 1 -> -0.0027468
B28: =IFERROR(__xludf.DUMMYFUNCTION("""COMPUTED_VALUE"""),44595.6666666666) -> 44595.667 | C28: =IFERROR(__xludf.DUMMYFUNCTION("""COMPUTED_VALUE"""),148.7) -> 148.7 | D28: 102.29 | E28: 358.88 | G28: =B28 -> 44595.667 | H28: =(C28/C27) - 1 -> -0.0082699747 | I28: =(D28/D27) - 1 -> -0.015685142 | J28: =(E28/E27) - 1 -> -0.011513248
B29: =IFERROR(__xludf.DUMMYFUNCTION("""COMPUTED_VALUE"""),44596.6666666666) -> 44596.667 | C29: =IFERROR(__xludf.DUMMYFUNCTION("""COMPUTED_VALUE"""),152.56) -> 152.56 | D29: 104.11 | E29: 367.6 | G29: =B29 -> 44596.667 | H29: =(C29/C28) - 1 -> 0.025958305 | I29: =(D29/D28) - 1 -> 0.017792551 | J29: =(E29/E28) - 1 -> 0.024297815
B30: =IFERROR(__xludf.DUMMYFUNCTION("""COMPUTED_VALUE"""),44599.6666666666) -> 44599.667 | C30: =IFERROR(__xludf.DUMMYFUNCTION("""COMPUTED_VALUE"""),153.07) -> 153.07 | D30: 105.18 | E30: 368.15 | G30: =B30 -> 44599.667 | H30: =(C30/C29) - 1 -> 0.003342947 | I30: =(D30/D29) - 1 -> 0.010277591 | J30: =(E30/E29) - 1 -> 0.0014961915
B31: =IFERROR(__xludf.DUMMYFUNCTION("""COMPUTED_VALUE"""),44600.6666666666) -> 44600.667 | C31: =IFERROR(__xludf.DUMMYFUNCTION("""COMPUTED_VALUE"""),155.95) -> 155.95 | D31: 106.35 | E31: 370.1 | G31: =B31 -> 44600.667 | H31: =(C31/C30) - 1 -> 0.018814921 | I31: =(D31/D30) - 1 -> 0.011123788 | J31: =(E31/E30) - 1 -> 0.005296754
B32: =IFERROR(__xludf.DUMMYFUNCTION("""COMPUTED_VALUE"""),44601.6666666666) -> 44601.667 | C32: =IFERROR(__xludf.DUMMYFUNCTION("""COMPUTED_VALUE"""),156.6) -> 156.6 | D32: 108.73 | E32: 374.53 | G32: =B32 -> 44601.667 | H32: =(C32/C31) - 1 -> 0.0041680026 | I32: =(D32/D31) - 1 -> 0.022378937 | J32: =(E32/E31) - 1 -> 0.011969738
B33: =IFERROR(__xludf.DUMMYFUNCTION("""COMPUTED_VALUE"""),44602.6666666666) -> 44602.667 | C33: =IFERROR(__xludf.DUMMYFUNCTION("""COMPUTED_VALUE"""),155.95) -> 155.95 | D33: 107.57 | E33: 370.57 | G33: =B33 -> 44602.667 | H33: =(C33/C32) - 1 -> -0.0041507024 | I33: =(D33/D32) - 1 -> -0.010668629 | J33: =(E33/E32) - 1 -> -0.010573252
B34: =IFERROR(__xludf.DUMMYFUNCTION("""COMPUTED_VALUE"""),44603.6666666666) -> 44603.667 | C34: =IFERROR(__xludf.DUMMYFUNCTION("""COMPUTED_VALUE"""),153.92) -> 153.92 | D34: 104.57 | E34: 363.06 | G34: =B34 -> 44603.667 | H34: =(C34/C33) - 1 -> -0.013016993 | I34: =(D34/D33) - 1 -> -0.027888817 | J34: =(E34/E33) - 1 -> -0.020266077
B35: =IFERROR(__xludf.DUMMYFUNCTION("""COMPUTED_VALUE"""),44606.6666666666) -> 44606.667 | C35: =IFERROR(__xludf.DUMMYFUNCTION("""COMPUTED_VALUE"""),152.49) -> 152.49 | D35: 102.57 | E35: 360.24 | G35: =B35 -> 44606.667 | H35: =(C35/C34) - 1 -> -0.0092905405 | I35: =(D35/D34) - 1 -> -0.019125944 | J35: =(E35/E34) - 1 -> -0.0077673112
B36: =IFERROR(__xludf.DUMMYFUNCTION("""COMPUTED_VALUE"""),44607.6666666666) -> 44607.667 | C36: =IFERROR(__xludf.DUMMYFUNCTION("""COMPUTED_VALUE"""),154.72) -> 154.72 | D36: 103.43 | E36: 363.94 | G36: =B36 -> 44607.667 | H36: =(C36/C35) - 1 -> 0.01462391 | I36: =(D36/D35) - 1 -> 0.0083845179 | J36: =(E36/E35) - 1 -> 0.01027093
B37: =IFERROR(__xludf.DUMMYFUNCTION("""COMPUTED_VALUE"""),44608.6666666666) -> 44608.667 | C37: =IFERROR(__xludf.DUMMYFUNCTION("""COMPUTED_VALUE"""),155) -> 155 | D37: 101.15 | E37: 360.05 | G37: =B37 -> 44608.667 | H37: =(C37/C36) - 1 -> 0.0018097208 | I37: =(D37/D36) - 1 -> -0.022043894 | J37: =(E37/E36) - 1 -> -0.010688575
B38: =IFERROR(__xludf.DUMMYFUNCTION("""COMPUTED_VALUE"""),44609.6666666666) -> 44609.667 | C38: =IFERROR(__xludf.DUMMYFUNCTION("""COMPUTED_VALUE"""),151.43) -> 151.43 | D38: 96.15 | E38: 349.06 | G38: =B38 -> 44609.667 | H38: =(C38/C37) - 1 -> -0.023032258 | I38: =(D38/D37) - 1 -> -0.049431537 | J38: =(E38/E37) - 1 -> -0.030523538
B39: =IFERROR(__xludf.DUMMYFUNCTION("""COMPUTED_VALUE"""),44610.6666666666) -> 44610.667 | C39: =IFERROR(__xludf.DUMMYFUNCTION("""COMPUTED_VALUE"""),152.14) -> 152.14 | D39: 95.42 | E39: 346.04 | G39: =B39 -> 44610.667 | H39: =(C39/C38) - 1 -> 0.004688635 | I39: =(D39/D38) - 1 -> -0.0075923037 | J39: =(E39/E38) - 1 -> -0.0086518077
B40: =IFERROR(__xludf.DUMMYFUNCTION("""COMPUTED_VALUE"""),44614.6666666666) -> 44614.667 | C40: =IFERROR(__xludf.DUMMYFUNCTION("""COMPUTED_VALUE"""),151.87) -> 151.87 | D40: 94.75 | E40: 344.27 | G40: =B40 -> 44614.667 | H40: =(C40/C39) - 1 -> -0.0017746812 | I40: =(D40/D39) - 1 -> -0.0070215888 | J40: =(E40/E39) - 1 -> -0.0051150156
B41: =IFERROR(__xludf.DUMMYFUNCTION("""COMPUTED_VALUE"""),44615.6666666666) -> 44615.667 | C41: =IFERROR(__xludf.DUMMYFUNCTION("""COMPUTED_VALUE"""),148.69) -> 148.69 | D41: 93.55 | E41: 341.19 | G41: =B41 -> 44615.667 | H41: =(C41/C40) - 1 -> -0.020938961 | I41: =(D41/D40) - 1 -> -0.012664908 | J41: =(E41/E40) - 1 -> -0.0089464664
B42: =IFERROR(__xludf.DUMMYFUNCTION("""COMPUTED_VALUE"""),44616.6666666666) -> 44616.667 | C42: =IFERROR(__xludf.DUMMYFUNCTION("""COMPUTED_VALUE"""),144.55) -> 144.55 | D42: 91.81 | E42: 340.19 | G42: =B42 -> 44616.667 | H42: =(C42/C41) - 1 -> -0.027843164 | I42: =(D42/D41) - 1 -> -0.018599679 | J42: =(E42/E41) - 1 -> -0.0029309183
B43: =IFERROR(__xludf.DUMMYFUNCTION("""COMPUTED_VALUE"""),44617.6666666666) -> 44617.667 | C43: =IFERROR(__xludf.DUMMYFUNCTION("""COMPUTED_VALUE"""),147.97) -> 147.97 | D43: 94.55 | E43: 350.12 | G43: =B43 -> 44617.667 | H43: =(C43/C42) - 1 -> 0.023659633 | I43: =(D43/D42) - 1 -> 0.029844244 | J43: =(E43/E42) - 1 -> 0.029189571
B44: =IFERROR(__xludf.DUMMYFUNCTION("""COMPUTED_VALUE"""),44620.6666666666) -> 44620.667 | C44: =IFERROR(__xludf.DUMMYFUNCTION("""COMPUTED_VALUE"""),141.8) -> 141.8 | D44: 90.74 | E44: 341.29 | G44: =B44 -> 44620.667 | H44: =(C44/C43) - 1 -> -0.041697641 | I44: =(D44/D43) - 1 -> -0.04029614 | J44: =(E44/E43) - 1 -> -0.025219925
B45: =IFERROR(__xludf.DUMMYFUNCTION("""COMPUTED_VALUE"""),44621.6666666666) -> 44621.667 | C45: =IFERROR(__xludf.DUMMYFUNCTION("""COMPUTED_VALUE"""),136.45) -> 136.45 | D45: 87.63 | E45: 328.2 | G45: =B45 -> 44621.667 | H45: =(C45/C44) - 1 -> -0.037729196 | I45: =(D45/D44) - 1 -> -0.034273749 | J45: =(E45/E44) - 1 -> -0.038354479
B46: =IFERROR(__xludf.DUMMYFUNCTION("""COMPUTED_VALUE"""),44622.6666666666) -> 44622.667 | C46: =IFERROR(__xludf.DUMMYFUNCTION("""COMPUTED_VALUE"""),139.28) -> 139.28 | D46: 88.38 | E46: 336.38 | G46: =B46 -> 44622.667 | H46: =(C46/C45) - 1 -> 0.020740198 | I46: =(D46/D45) - 1 -> 0.0085587128 | J46: =(E46/E45) - 1 -> 0.024923827
B47: =IFERROR(__xludf.DUMMYFUNCTION("""COMPUTED_VALUE"""),44623.6666666666) -> 44623.667 | C47: =IFERROR(__xludf.DUMMYFUNCTION("""COMPUTED_VALUE"""),138.29) -> 138.29 | D47: 87.78 | E47: 333.42 | G47: =B47 -> 44623.667 | H47: =(C47/C46) - 1 -> -0.0071079839 | I47: =(D47/D46) - 1 -> -0.0067888663 | J47: =(E47/E46) - 1 -> -0.0087995719
B48: =IFERROR(__xludf.DUMMYFUNCTION("""COMPUTED_VALUE"""),44624.6666666666) -> 44624.667 | C48: =IFERROR(__xludf.DUMMYFUNCTION("""COMPUTED_VALUE"""),134.4) -> 134.4 | D48: 86.36 | E48: 329.67 | G48: =B48 -> 44624.667 | H48: =(C48/C47) - 1 -> -0.028129294 | I48: =(D48/D47) - 1 -> -0.016176806 | J48: =(E48/E47) - 1 -> -0.011247076
B49: =IFERROR(__xludf.DUMMYFUNCTION("""COMPUTED_VALUE"""),44627.6666666666) -> 44627.667 | C49: =IFERROR(__xludf.DUMMYFUNCTION("""COMPUTED_VALUE"""),129.21) -> 129.21 | D49: 83.45 | E49: 321.89 | G49: =B49 -> 44627.667 | H49: =(C49/C48) - 1 -> -0.038616071 | I49: =(D49/D48) - 1 -> -0.033696156 | J49: =(E49/E48) - 1 -> -0.023599357
B50: =IFERROR(__xludf.DUMMYFUNCTION("""COMPUTED_VALUE"""),44628.6666666666) -> 44628.667 | C50: =IFERROR(__xludf.DUMMYFUNCTION("""COMPUTED_VALUE"""),128.3) -> 128.3 | D50: 83.31 | E50: 321.37 | G50: =B50 -> 44628.667 | H50: =(C50/C49) - 1 -> -0.0070427985 | I50: =(D50/D49) - 1 -> -0.0016776513 | J50: =(E50/E49) - 1 -> -0.0016154587
B51: =IFERROR(__xludf.DUMMYFUNCTION("""COMPUTED_VALUE"""),44629.6666666666) -> 44629.667 | C51: =IFERROR(__xludf.DUMMYFUNCTION("""COMPUTED_VALUE"""),133.44) -> 133.44 | D51: 87.4 | E51: 333.59 | G51: =B51 -> 44629.667 | H51: =(C51/C50) - 1 -> 0.040062354 | I51: =(D51/D50) - 1 -> 0.049093746 | J51: =(E51/E50) - 1 -> 0.038024707
B52: =IFERROR(__xludf.DUMMYFUNCTION("""COMPUTED_VALUE"""),44630.6666666666) -> 44630.667 | C52: =IFERROR(__xludf.DUMMYFUNCTION("""COMPUTED_VALUE"""),131.86) -> 131.86 | D52: 85.86 | E52: 329.9 | G52: =B52 -> 44630.667 | H52: =(C52/C51) - 1 -> -0.011840528 | I52: =(D52/D51) - 1 -> -0.017620137 | J52: =(E52/E51) - 1 -> -0.011061483
B53: =IFERROR(__xludf.DUMMYFUNCTION("""COMPUTED_VALUE"""),44631.6666666666) -> 44631.667 | C53: =IFERROR(__xludf.DUMMYFUNCTION("""COMPUTED_VALUE"""),128.89) -> 128.89 | D53: 85.18 | E53: 327 | G53: =B53 -> 44631.667 | H53: =(C53/C52) - 1 -> -0.022523889 | I53: =(D53/D52) - 1 -> -0.0079198696 | J53: =(E53/E52) - 1 -> -0.0087905426
B54: =IFERROR(__xludf.DUMMYFUNCTION("""COMPUTED_VALUE"""),44634.6666666666) -> 44634.667 | C54: =IFERROR(__xludf.DUMMYFUNCTION("""COMPUTED_VALUE"""),130.17) -> 130.17 | D54: 84.72 | E54: 324.98 | G54: =B54 -> 44634.667 | H54: =(C54/C53) - 1 -> 0.0099309489 | I54: =(D54/D53) - 1 -> -0.0054003287 | J54: =(E54/E53) - 1 -> -0.00617737
B55: =IFERROR(__xludf.DUMMYFUNCTION("""COMPUTED_VALUE"""),44635.6666666666) -> 44635.667 | C55: =IFERROR(__xludf.DUMMYFUNCTION("""COMPUTED_VALUE"""),132.48) -> 132.48 | D55: 86.33 | E55: 329.16 | G55: =B55 -> 44635.667 | H55: =(C55/C54) - 1 -> 0.017746024 | I55: =(D55/D54) - 1 -> 0.019003777 | J55: =(E55/E54) - 1 -> 0.01286233
B56: =IFERROR(__xludf.DUMMYFUNCTION("""COMPUTED_VALUE"""),44636.6666666666) -> 44636.667 | C56: =IFERROR(__xludf.DUMMYFUNCTION("""COMPUTED_VALUE"""),138.4) -> 138.4 | D56: 91.76 | E56: 340.76 | G56: =B56 -> 44636.667 | H56: =(C56/C55) - 1 -> 0.04468599 | I56: =(D56/D55) - 1 -> 0.062898181 | J56: =(E56/E55) - 1 -> 0.03524122
B57: =IFERROR(__xludf.DUMMYFUNCTION("""COMPUTED_VALUE"""),44637.6666666666) -> 44637.667 | C57: =IFERROR(__xludf.DUMMYFUNCTION("""COMPUTED_VALUE"""),140.15) -> 140.15 | D57: 93.86 | E57: 343.27 | G57: =B57 -> 44637.667 | H57: =(C57/C56) - 1 -> 0.012644509 | I57: =(D57/D56) - 1 -> 0.022885789 | J57: =(E57/E56) - 1 -> 0.007365888
B58: =IFERROR(__xludf.DUMMYFUNCTION("""COMPUTED_VALUE"""),44638.6666666666) -> 44638.667 | C58: =IFERROR(__xludf.DUMMYFUNCTION("""COMPUTED_VALUE"""),140.1) -> 140.1 | D58: 94.82 | E58: 345.38 | G58: =B58 -> 44638.667 | H58: =(C58/C57) - 1 -> -0.00035676061 | I58: =(D58/D57) - 1 -> 0.010227999 | J58: =(E58/E57) - 1 -> 0.0061467649
B59: =IFERROR(__xludf.DUMMYFUNCTION("""COMPUTED_VALUE"""),44641.6666666666) -> 44641.667 | C59: =IFERROR(__xludf.DUMMYFUNCTION("""COMPUTED_VALUE"""),139.65) -> 139.65 | D59: 92.61 | E59: 339 | G59: =B59 -> 44641.667 | H59: =(C59/C58) - 1 -> -0.0032119914 | I59: =(D59/D58) - 1 -> -0.023307319 | J59: =(E59/E58) - 1 -> -0.018472407
B60: =IFERROR(__xludf.DUMMYFUNCTION("""COMPUTED_VALUE"""),44642.6666666666) -> 44642.667 | C60: =IFERROR(__xludf.DUMMYFUNCTION("""COMPUTED_VALUE"""),142.62) -> 142.62 | D60: 94.22 | E60: 343.01 | G60: =B60 -> 44642.667 | H60: =(C60/C59) - 1 -> 0.021267454 | I60: =(D60/D59) - 1 -> 0.017384732 | J60: =(E60/E59) - 1 -> 0.011828909
B61: =IFERROR(__xludf.DUMMYFUNCTION("""COMPUTED_VALUE"""),44643.6666666666) -> 44643.667 | C61: =IFERROR(__xludf.DUMMYFUNCTION("""COMPUTED_VALUE"""),139.78) -> 139.78 | D61: 92.38 | E61: 335.61 | G61: =B61 -> 44643.667 | H61: =(C61/C60) - 1 -> -0.019913056 | I61: =(D61/D60) - 1 -> -0.019528762 | J61: =(E61/E60) - 1 -> -0.021573715
B62: =IFERROR(__xludf.DUMMYFUNCTION("""COMPUTED_VALUE"""),44644.6666666666) -> 44644.667 | C62: =IFERROR(__xludf.DUMMYFUNCTION("""COMPUTED_VALUE"""),140.69) -> 140.69 | D62: 92.13 | E62: 336.23 | G62: =B62 -> 44644.667 | H62: =(C62/C61) - 1 -> 0.0065102304 | I62: =(D62/D61) - 1 -> -0.0027062135 | J62: =(E62/E61) - 1 -> 0.0018473824
B63: =IFERROR(__xludf.DUMMYFUNCTION("""COMPUTED_VALUE"""),44645.6666666666) -> 44645.667 | C63: =IFERROR(__xludf.DUMMYFUNCTION("""COMPUTED_VALUE"""),141.92) -> 141.92 | D63: 92.38 | E63: 337.49 | G63: =B63 -> 44645.667 | H63: =(C63/C62) - 1 -> 0.0087426256 | I63: =(D63/D62) - 1 -> 0.0027135569 | J63: =(E63/E62) - 1 -> 0.0037474348
B64: =IFERROR(__xludf.DUMMYFUNCTION("""COMPUTED_VALUE"""),44648.6666666666) -> 44648.667 | C64: =IFERROR(__xludf.DUMMYFUNCTION("""COMPUTED_VALUE"""),140.87) -> 140.87 | D64: 91.27 | E64: 335.3 | G64: =B64 -> 44648.667 | H64: =(C64/C63) - 1 -> -0.0073985344 | I64: =(D64/D63) - 1 -> -0.012015588 | J64: =(E64/E63) - 1 -> -0.0064890812
B65: =IFERROR(__xludf.DUMMYFUNCTION("""COMPUTED_VALUE"""),44649.6666666666) -> 44649.667 | C65: =IFERROR(__xludf.DUMMYFUNCTION("""COMPUTED_VALUE"""),141.18) -> 141.18 | D65: 91.84 | E65: 339.66 | G65: =B65 -> 44649.667 | H65: =(C65/C64) - 1 -> 0.0022006105 | I65: =(D65/D64) - 1 -> 0.0062452065 | J65: =(E65/E64) - 1 -> 0.013003281
B66: =IFERROR(__xludf.DUMMYFUNCTION("""COMPUTED_VALUE"""),44650.6666666666) -> 44650.667 | C66: =IFERROR(__xludf.DUMMYFUNCTION("""COMPUTED_VALUE"""),140.54) -> 140.54 | D66: 90.27 | E66: 335.59 | G66: =B66 -> 44650.667 | H66: =(C66/C65) - 1 -> -0.00453322 | I66: =(D66/D65) - 1 -> -0.017094948 | J66: =(E66/E65) - 1 -> -0.011982571
B67: =IFERROR(__xludf.DUMMYFUNCTION("""COMPUTED_VALUE"""),44651.6666666666) -> 44651.667 | C67: =IFERROR(__xludf.DUMMYFUNCTION("""COMPUTED_VALUE"""),136.32) -> 136.32 | D67: 87.4 | E67: 330.1 | G67: =B67 -> 44651.667 | H67: =(C67/C66) - 1 -> -0.030027039 | I67: =(D67/D66) - 1 -> -0.031793508 | J67: =(E67/E66) - 1 -> -0.016359248
B68: =IFERROR(__xludf.DUMMYFUNCTION("""COMPUTED_VALUE"""),44652.6666666666) -> 44652.667 | C68: =IFERROR(__xludf.DUMMYFUNCTION("""COMPUTED_VALUE"""),135.31) -> 135.31 | D68: 86.99 | E68: 330.22 | G68: =B68 -> 44652.667 | H68: =(C68/C67) - 1 -> -0.0074090376 | I68: =(D68/D67) - 1 -> -0.0046910755 | J68: =(E68/E67) - 1 -> 0.0003635262
B69: =IFERROR(__xludf.DUMMYFUNCTION("""COMPUTED_VALUE"""),44655.6666666666) -> 44655.667 | C69: =IFERROR(__xludf.DUMMYFUNCTION("""COMPUTED_VALUE"""),135.91) -> 135.91 | D69: 87.28 | E69: 328.21 | G69: =B69 -> 44655.667 | H69: =(C69/C68) - 1 -> 0.0044342621 | I69: =(D69/D68) - 1 -> 0.0033337165 | J69: =(E69/E68) - 1 -> -0.0060868512
B70: =IFERROR(__xludf.DUMMYFUNCTION("""COMPUTED_VALUE"""),44656.6666666666) -> 44656.667 | C70: =IFERROR(__xludf.DUMMYFUNCTION("""COMPUTED_VALUE"""),133.34) -> 133.34 | D70: 85.28 | E70: 323.96 | G70: =B70 -> 44656.667 | H70: =(C70/C69) - 1 -> -0.018909573 | I70: =(D70/D69) - 1 -> -0.022914757 | J70: =(E70/E69) - 1 -> -0.012949027
B71: =IFERROR(__xludf.DUMMYFUNCTION("""COMPUTED_VALUE"""),44657.6666666666) -> 44657.667 | C71: =IFERROR(__xludf.DUMMYFUNCTION("""COMPUTED_VALUE"""),131.49) -> 131.49 | D71: 83.13 | E71: 316.26 | G71: =B71 -> 44657.667 | H71: =(C71/C70) - 1 -> -0.013874306 | I71: =(D71/D70) - 1 -> -0.025211069 | J71: =(E71/E70) - 1 -> -0.023768366
B72: =IFERROR(__xludf.DUMMYFUNCTION("""COMPUTED_VALUE"""),44658.6666666666) -> 44658.667 | C72: =IFERROR(__xludf.DUMMYFUNCTION("""COMPUTED_VALUE"""),131.09) -> 131.09 | D72: 83.13 | E72: 314.15 | G72: =B72 -> 44658.667 | H72: =(C72/C71) - 1 -> -0.0030420564 | I72: =(D72/D71) - 1 -> 0 | J72: =(E72/E71) - 1 -> -0.0066717258
B73: =IFERROR(__xludf.DUMMYFUNCTION("""COMPUTED_VALUE"""),44659.6666666666) -> 44659.667 | C73: =IFERROR(__xludf.DUMMYFUNCTION("""COMPUTED_VALUE"""),133.49) -> 133.49 | D73: 84.06 | E73: 321.39 | G73: =B73 -> 44659.667 | H73: =(C73/C72) - 1 -> 0.018308033 | I73: =(D73/D72) - 1 -> 0.011187297 | J73: =(E73/E72) - 1 -> 0.023046315
B74: =IFERROR(__xludf.DUMMYFUNCTION("""COMPUTED_VALUE"""),44662.6666666666) -> 44662.667 | C74: =IFERROR(__xludf.DUMMYFUNCTION("""COMPUTED_VALUE"""),133) -> 133 | D74: 84.02 | E74: 320.76 | G74: =B74 -> 44662.667 | H74: =(C74/C73) - 1 -> -0.0036706869 | I74: =(D74/D73) - 1 -> -0.00047585058 | J74: =(E74/E73) - 1 -> -0.0019602352
B75: =IFERROR(__xludf.DUMMYFUNCTION("""COMPUTED_VALUE"""),44663.6666666666) -> 44663.667 | C75: =IFERROR(__xludf.DUMMYFUNCTION("""COMPUTED_VALUE"""),131.54) -> 131.54 | D75: 83.93 | E75: 319.78 | G75: =B75 -> 44663.667 | H75: =(C75/C74) - 1 -> -0.010977444 | I75: =(D75/D74) - 1 -> -0.0010711735 | J75: =(E75/E74) - 1 -> -0.0030552438
B76: =IFERROR(__xludf.DUMMYFUNCTION("""COMPUTED_VALUE"""),44664.6666666666) -> 44664.667 | C76: =IFERROR(__xludf.DUMMYFUNCTION("""COMPUTED_VALUE"""),127.3) -> 127.3 | D76: 84.13 | E76: 321.97 | G76: =B76 -> 44664.667 | H76: =(C76/C75) - 1 -> -0.032233541 | I76: =(D76/D75) - 1 -> 0.0023829382 | J76: =(E76/E75) - 1 -> 0.0068484583
B77: =IFERROR(__xludf.DUMMYFUNCTION("""COMPUTED_VALUE"""),44665.6666666666) -> 44665.667 | C77: =IFERROR(__xludf.DUMMYFUNCTION("""COMPUTED_VALUE"""),126.12) -> 126.12 | D77: 84.76 | E77: 321.64 | G77: =B77 -> 44665.667 | H77: =(C77/C76) - 1 -> -0.0092694423 | I77: =(D77/D76) - 1 -> 0.0074884108 | J77: =(E77/E76) - 1 -> -0.0010249402
B78: =IFERROR(__xludf.DUMMYFUNCTION("""COMPUTED_VALUE"""),44669.6666666666) -> 44669.667 | C78: =IFERROR(__xludf.DUMMYFUNCTION("""COMPUTED_VALUE"""),128.46) -> 128.46 | D78: 86.48 | E78: 329.88 | G78: =B78 -> 44669.667 | H78: =(C78/C77) - 1 -> 0.018553758 | I78: =(D78/D77) - 1 -> 0.020292591 | J78: =(E78/E77) - 1 -> 0.025618704
B79: =IFERROR(__xludf.DUMMYFUNCTION("""COMPUTED_VALUE"""),44670.6666666666) -> 44670.667 | C79: =IFERROR(__xludf.DUMMYFUNCTION("""COMPUTED_VALUE"""),131.12) -> 131.12 | D79: 88.91 | E79: 335.95 | G79: =B79 -> 44670.667 | H79: =(C79/C78) - 1 -> 0.020706835 | I79: =(D79/D78) - 1 -> 0.028098982 | J79: =(E79/E78) - 1 -> 0.018400631
B80: =IFERROR(__xludf.DUMMYFUNCTION("""COMPUTED_VALUE"""),44671.6666666666) -> 44671.667 | C80: =IFERROR(__xludf.DUMMYFUNCTION("""COMPUTED_VALUE"""),131.58) -> 131.58 | D80: 90.61 | E80: 341.06 | G80: =B80 -> 44671.667 | H80: =(C80/C79) - 1 -> 0.0035082367 | I80: =(D80/D79) - 1 -> 0.019120459 | J80: =(E80/E79) - 1 -> 0.015210597
B81: =IFERROR(__xludf.DUMMYFUNCTION("""COMPUTED_VALUE"""),44672.6666666666) -> 44672.667 | C81: =IFERROR(__xludf.DUMMYFUNCTION("""COMPUTED_VALUE"""),130.56) -> 130.56 | D81: 88.91 | E81: 334.3 | G81: =B81 -> 44672.667 | H81: =(C81/C80) - 1 -> -0.007751938 | I81: =(D81/D80) - 1 -> -0.018761726 | J81: =(E81/E80) - 1 -> -0.019820559
B82: =IFERROR(__xludf.DUMMYFUNCTION("""COMPUTED_VALUE"""),44673.6666666666) -> 44673.667 | C82: =IFERROR(__xludf.DUMMYFUNCTION("""COMPUTED_VALUE"""),126.81) -> 126.81 | D82: 84.74 | E82: 319.77 | G82: =B82 -> 44673.667 | H82: =(C82/C81) - 1 -> -0.028722426 | I82: =(D82/D81) - 1 -> -0.046901361 | J82: =(E82/E81) - 1 -> -0.043463955
B83: =IFERROR(__xludf.DUMMYFUNCTION("""COMPUTED_VALUE"""),44676.6666666666) -> 44676.667 | C83: =IFERROR(__xludf.DUMMYFUNCTION("""COMPUTED_VALUE"""),126.77) -> 126.77 | D83: 85.05 | E83: 321.42 | G83: =B83 -> 44676.667 | H83: =(C83/C82) - 1 -> -0.00031543254 | I83: =(D83/D82) - 1 -> 0.0036582488 | J83: =(E83/E82) - 1 -> 0.0051599587
B84: =IFERROR(__xludf.DUMMYFUNCTION("""COMPUTED_VALUE"""),44677.6666666666) -> 44677.667 | C84: =IFERROR(__xludf.DUMMYFUNCTION("""COMPUTED_VALUE"""),123.02) -> 123.02 | D84: 82.37 | E84: 313.12 | G84: =B84 -> 44677.667 | H84: =(C84/C83) - 1 -> -0.029581131 | I84: =(D84/D83) - 1 -> -0.031510876 | J84: =(E84/E83) - 1 -> -0.025822911
B85: =IFERROR(__xludf.DUMMYFUNCTION("""COMPUTED_VALUE"""),44678.6666666666) -> 44678.667 | C85: =IFERROR(__xludf.DUMMYFUNCTION("""COMPUTED_VALUE"""),121.42) -> 121.42 | D85: 82.21 | E85: 313.23 | G85: =B85 -> 44678.667 | H85: =(C85/C84) - 1 -> -0.013006015 | I85: =(D85/D84) - 1 -> -0.0019424548 | J85: =(E85/E84) - 1 -> 0.00035130301
B86: =IFERROR(__xludf.DUMMYFUNCTION("""COMPUTED_VALUE"""),44679.6666666666) -> 44679.667 | C86: =IFERROR(__xludf.DUMMYFUNCTION("""COMPUTED_VALUE"""),123.34) -> 123.34 | D86: 83.4 | E86: 318.41 | G86: =B86 -> 44679.667 | H86: =(C86/C85) - 1 -> 0.015812881 | I86: =(D86/D85) - 1 -> 0.014475125 | J86: =(E86/E85) - 1 -> 0.016537369
B87: =IFERROR(__xludf.DUMMYFUNCTION("""COMPUTED_VALUE"""),44680.6666666666) -> 44680.667 | C87: =IFERROR(__xludf.DUMMYFUNCTION("""COMPUTED_VALUE"""),119.36) -> 119.36 | D87: 80.59 | E87: 305.49 | G87: =B87 -> 44680.667 | H87: =(C87/C86) - 1 -> -0.032268526 | I87: =(D87/D86) - 1 -> -0.033693046 | J87: =(E87/E86) - 1 -> -0.040576615
B88: =IFERROR(__xludf.DUMMYFUNCTION("""COMPUTED_VALUE"""),44683.6666666666) -> 44683.667 | C88: =IFERROR(__xludf.DUMMYFUNCTION("""COMPUTED_VALUE"""),120.45) -> 120.45 | D88: 81.96 | E88: 310.42 | G88: =B88 -> 44683.667 | H88: =(C88/C87) - 1 -> 0.0091320375 | I88: =(D88/D87) - 1 -> 0.016999628 | J88: =(E88/E87) - 1 -> 0.016138008
B89: =IFERROR(__xludf.DUMMYFUNCTION("""COMPUTED_VALUE"""),44684.6666666666) -> 44684.667 | C89: =IFERROR(__xludf.DUMMYFUNCTION("""COMPUTED_VALUE"""),123.03) -> 123.03 | D89: 83.75 | E89: 314.66 | G89: =B89 -> 44684.667 | H89: =(C89/C88) - 1 -> 0.021419676 | I89: =(D89/D88) - 1 -> 0.021839922 | J89: =(E89/E88) - 1 -> 0.013658914
B90: =IFERROR(__xludf.DUMMYFUNCTION("""COMPUTED_VALUE"""),44685.6666666666) -> 44685.667 | C90: =IFERROR(__xludf.DUMMYFUNCTION("""COMPUTED_VALUE"""),127.1) -> 127.1 | D90: 87.22 | E90: 324.11 | G90: =B90 -> 44685.667 | H90: =(C90/C89) - 1 -> 0.033081362 | I90: =(D90/D89) - 1 -> 0.041432836 | J90: =(E90/E89) - 1 -> 0.030032416
B91: =IFERROR(__xludf.DUMMYFUNCTION("""COMPUTED_VALUE"""),44686.6666666666) -> 44686.667 | C91: =IFERROR(__xludf.DUMMYFUNCTION("""COMPUTED_VALUE"""),123.92) -> 123.92 | D91: 84.94 | E91: 313.07 | G91: =B91 -> 44686.667 | H91: =(C91/C90) - 1 -> -0.02501967 | I91: =(D91/D90) - 1 -> -0.026140793 | J91: =(E91/E90) - 1 -> -0.03406251
B92: =IFERROR(__xludf.DUMMYFUNCTION("""COMPUTED_VALUE"""),44687.6666666666) -> 44687.667 | C92: =IFERROR(__xludf.DUMMYFUNCTION("""COMPUTED_VALUE"""),123.72) -> 123.72 | D92: 84.23 | E92: 312.96 | G92: =B92 -> 44687.667 | H92: =(C92/C91) - 1 -> -0.0016139445 | I92: =(D92/D91) - 1 -> -0.0083588415 | J92: =(E92/E91) - 1 -> -0.00035135912
B93: =IFERROR(__xludf.DUMMYFUNCTION("""COMPUTED_VALUE"""),44690.6666666666) -> 44690.667 | C93: =IFERROR(__xludf.DUMMYFUNCTION("""COMPUTED_VALUE"""),121.86) -> 121.86 | D93: 81.15 | E93: 308.89 | G93: =B93 -> 44690.667 | H93: =(C93/C92) - 1 -> -0.015033948 | I93: =(D93/D92) - 1 -> -0.036566544 | J93: =(E93/E92) - 1 -> -0.013004857
B94: =IFERROR(__xludf.DUMMYFUNCTION("""COMPUTED_VALUE"""),44691.6666666666) -> 44691.667 | C94: =IFERROR(__xludf.DUMMYFUNCTION("""COMPUTED_VALUE"""),118.89) -> 118.89 | D94: 80.26 | E94: 305.06 | G94: =B94 -> 44691.667 | H94: =(C94/C93) - 1 -> -0.02437223 | I94: =(D94/D93) - 1 -> -0.010967344 | J94: =(E94/E93) - 1 -> -0.012399236
B95: =IFERROR(__xludf.DUMMYFUNCTION("""COMPUTED_VALUE"""),44692.6666666666) -> 44692.667 | C95: =IFERROR(__xludf.DUMMYFUNCTION("""COMPUTED_VALUE"""),118.14) -> 118.14 | D95: 78.89 | E95: 301.55 | G95: =B95 -> 44692.667 | H95: =(C95/C94) - 1 -> -0.0063083523 | I95: =(D95/D94) - 1 -> -0.017069524 | J95: =(E95/E94) - 1 -> -0.011505933
B96: =IFERROR(__xludf.DUMMYFUNCTION("""COMPUTED_VALUE"""),44693.6666666666) -> 44693.667 | C96: =IFERROR(__xludf.DUMMYFUNCTION("""COMPUTED_VALUE"""),118.04) -> 118.04 | D96: 78.59 | E96: 299.41 | G96: =B96 -> 44693.667 | H96: =(C96/C95) - 1 -> -0.00084645336 | I96: =(D96/D95) - 1 -> -0.0038027633 | J96: =(E96/E95) - 1 -> -0.0070966672
B97: =IFERROR(__xludf.DUMMYFUNCTION("""COMPUTED_VALUE"""),44694.6666666666) -> 44694.667 | C97: =IFERROR(__xludf.DUMMYFUNCTION("""COMPUTED_VALUE"""),119.09) -> 119.09 | D97: 80.54 | E97: 306.99 | G97: =B97 -> 44694.667 | H97: =(C97/C96) - 1 -> 0.0088952897 | I97: =(D97/D96) - 1 -> 0.024812317 | J97: =(E97/E96) - 1 -> 0.025316456
B98: =IFERROR(__xludf.DUMMYFUNCTION("""COMPUTED_VALUE"""),44697.6666666666) -> 44697.667 | C98: =IFERROR(__xludf.DUMMYFUNCTION("""COMPUTED_VALUE"""),118.26) -> 118.26 | D98: 79.9 | E98: 303.44 | G98: =B98 -> 44697.667 | H98: =(C98/C97) - 1 -> -0.0069695189 | I98: =(D98/D97) - 1 -> -0.0079463621 | J98: =(E98/E97) - 1 -> -0.011563895
B99: =IFERROR(__xludf.DUMMYFUNCTION("""COMPUTED_VALUE"""),44698.6666666666) -> 44698.667 | C99: =IFERROR(__xludf.DUMMYFUNCTION("""COMPUTED_VALUE"""),122.18) -> 122.18 | D99: 82.93 | E99: 312.97 | G99: =B99 -> 44698.667 | H99: =(C99/C98) - 1 -> 0.033147303 | I99: =(D99/D98) - 1 -> 0.037922403 | J99: =(E99/E98) - 1 -> 0.031406538
B100: =IFERROR(__xludf.DUMMYFUNCTION("""COMPUTED_VALUE"""),44699.6666666666) -> 44699.667 | C100: =IFERROR(__xludf.DUMMYFUNCTION("""COMPUTED_VALUE"""),120.09) -> 120.09 | D100: 80.69 | E100: 306.73 | G100: =B100 -> 44699.667 | H100: =(C100/C99) - 1 -> -0.017105909 | I100: =(D100/D99) - 1 -> -0.027010732 | J100: =(E100/E99) - 1 -> -0.019938013
B101: =IFERROR(__xludf.DUMMYFUNCTION("""COMPUTED_VALUE"""),44700.6666666666) -> 44700.667 | C101: =IFERROR(__xludf.DUMMYFUNCTION("""COMPUTED_VALUE"""),118.31) -> 118.31 | D101: 79.96 | E101: 308.2 | G101: =B101 -> 44700.667 | H101: =(C101/C100) - 1 -> -0.014822217 | I101: =(D101/D100) - 1 -> -0.0090469699 | J101: =(E101/E100) - 1 -> 0.0047924885
...

Sheet __OpenSolverCache__

Sheet __OpenSolver__
A1: =ModelSheet=Sheet1!A:Z -> #NAME?
A2: =OpenSolver_AdjNum=1 -> #NAME?
A3: =OpenSolver_ChosenSolver=Google -> #NAME?
A4: =OpenSolver_FastBuild=0 -> #NAME?
A5: =OpenSolver_LinearityCheck=1 -> #NAME?
A6: =solver_adj=Sheet1!R11:T11 -> #NAME?
A7: =solver_lhs1=Sheet1!U11 -> #NAME?
A8: =solver_neg=1 -> #NAME?
A9: =solver_num=1 -> #NAME?
A10: =solver_opt=Sheet1!R13 -> #NAME?
A11: =solver_rel1=2 -> #NAME?
A12: =solver_rhs1=Sheet1!U5 -> #NAME?
A13: =solver_sho=1 -> #NAME?
A14: =solver_typ=2 -> #NAME?
A15: =solver_val=0 -> #NAME?
